"Id","Deadline"
"0001","2016-08-31"
"0002","2016-08-31"
"0003","2016-08-31"
"0004","2016-09-31"
"0008","2016-10-15"
"0009","2016-10-15"
"0010","2016-10-01"
"0011","2016-08-31"
"5150","2016-07-03"
"5151","2016-01-01"
"5152","2016-02-01"
"5153","2016-03-01"
"5154","2016-04-01"
"5155","2016-05-01"
"5156","2016-06-01"
"5157","2016-07-01"
"5158","2016-08-01"
"5159","2016-09-01"
"5160","2016-07-03"
"5161","2016-01-01"
"5162","2016-02-01"
"5163","2016-03-01"
"5164","2016-04-01"
"5165","2016-05-01"
"5166","2016-06-01"
"5167","2016-07-01"
"5168","2016-08-01"
"5169","2016-09-01"
"5170","2016-09-01"
"5171","2016-11-01"
"5172","2016-12-01"
